[{
    "id": 1,
    "first_name": "Giana",
    "last_name": "Birbeck",
    "email": "gbirbeck0@1und1.de",
    "gender": "Female",
    "ip_address": "197.51.236.245"
  }, {
    "id": 2,
    "first_name": "Conan",
    "last_name": "Jeeks",
    "email": "cjeeks1@cmu.edu",
    "gender": "Male",
    "ip_address": "84.37.93.251"
  }, {
    "id": 3,
    "first_name": "Nappie",
    "last_name": "Strete",
    "email": "nstrete2@odnoklassniki.ru",
    "gender": "Male",
    "ip_address": "163.128.241.211"
  }, {
    "id": 4,
    "first_name": "Cherice",
    "last_name": "Sunshine",
    "email": "csunshine3@nydailynews.com",
    "gender": "Female",
    "ip_address": "66.95.40.8"
  }, {
    "id": 5,
    "first_name": "Eddy",
    "last_name": "Bayle",
    "email": "ebayle4@about.me",
    "gender": "Male",
    "ip_address": "21.57.166.187"
  }, {
    "id": 6,
    "first_name": "Donella",
    "last_name": "Gliddon",
    "email": "dgliddon5@privacy.gov.au",
    "gender": "Female",
    "ip_address": "32.196.116.161"
  }, {
    "id": 7,
    "first_name": "Pru",
    "last_name": "Novotna",
    "email": "pnovotna6@foxnews.com",
    "gender": "Female",
    "ip_address": "0.75.38.60"
  }, {
    "id": 8,
    "first_name": "Onofredo",
    "last_name": "Arch",
    "email": "oarch7@paypal.com",
    "gender": "Male",
    "ip_address": "13.40.201.74"
  }, {
    "id": 9,
    "first_name": "Pattin",
    "last_name": "Luxen",
    "email": "pluxen8@jimdo.com",
    "gender": "Male",
    "ip_address": "211.61.88.226"
  }, {
    "id": 10,
    "first_name": "Bennett",
    "last_name": "Killock",
    "email": "bkillock9@google.co.jp",
    "gender": "Male",
    "ip_address": "11.61.12.251"
  }]